{
    "multipart": [
        {   "apply": { "model": "car:block/fluid_pipe_core" }},
        {   "when": { "facing": "north" },
            "apply": { "model": "car:block/fluid_extractor", "uvlock": false }
        },
        {   "when": { "facing": "south" },
            "apply": { "model": "car:block/fluid_extractor", "y": 180, "uvlock": false }
        },
        {   "when": { "facing": "east" },
            "apply": { "model": "car:block/fluid_extractor", "y": 90, "uvlock": false }
        },
        {   "when": { "facing": "west" },
            "apply": { "model": "car:block/fluid_extractor", "y": 270, "uvlock": false }
        },
        {   "when": { "facing": "up" },
            "apply": { "model": "car:block/fluid_extractor", "x": 270, "uvlock": false }
        },
        {   "when": { "facing": "down" },
            "apply": { "model": "car:block/fluid_extractor", "x": 90, "uvlock": false }
        },
        {   "when": { "north": "true" },
            "apply": { "model": "car:block/fluid_pipe_part", "uvlock": false }
        },
        {   "when": { "east": "true" },
            "apply": { "model": "car:block/fluid_pipe_part", "y": 90, "uvlock": false }
        },
        {   "when": { "south": "true" },
            "apply": { "model": "car:block/fluid_pipe_part", "y": 180, "uvlock": false }
        },
        {   "when": { "west": "true" },
            "apply": { "model": "car:block/fluid_pipe_part", "y": 270, "uvlock": false }
        },
        {   "when": { "up": "true" },
            "apply": { "model": "car:block/fluid_pipe_part", "x": 270, "uvlock": false }
        },
        {   "when": { "down": "true" },
            "apply": { "model": "car:block/fluid_pipe_part", "x": 90, "uvlock": false }
        }
    ]
}