{
    "variants": {
        "facing=north,powered=false": { "model": "car:block/generator" },
        "facing=south,powered=false": { "model": "car:block/generator", "y": 180 },
        "facing=west,powered=false": { "model": "car:block/generator", "y": 270 },
        "facing=east,powered=false": { "model": "car:block/generator", "y": 90 },
        "facing=north,powered=true": { "model": "car:block/generator_powered" },
        "facing=south,powered=true": { "model": "car:block/generator_powered", "y": 180 },
        "facing=west,powered=true": { "model": "car:block/generator_powered", "y": 270 },
        "facing=east,powered=true": { "model": "car:block/generator_powered", "y": 90 }
    }
}