{
    "engine_idle": {
        "subtitle": "sound.car.engine_idle",
        "sounds": [ "car:engine_idle" ]
    },
    "engine_start": {
        "subtitle": "sound.car.engine_start",
        "sounds": [ "car:engine_start" ]
    },
    "engine_starting": {
        "subtitle": "sound.car.engine_starting",
        "sounds": [ "car:engine_starting" ]
    },
    "engine_stop": {
        "subtitle": "sound.car.engine_stop",
        "sounds": [ "car:engine_stop" ]
    },
    "engine_high": {
        "subtitle": "sound.car.engine_high",
        "sounds": [ "car:engine_high" ]
    },
    "engine_fail": {
        "subtitle": "sound.car.engine_fail",
        "sounds": [ "car:engine_fail" ]
    },
    "car_crash": {
        "subtitle": "sound.car.car_crash",
        "sounds": [ "car:car_crash" ]
    },
    "gas_station": {
        "subtitle": "sound.car.gas_station",
        "sounds": [ "car:gas_station" ]
    },
    "generator": {
        "subtitle": "sound.car.generator",
        "sounds": [ "car:generator" ]
    },
    "sport_engine_idle": {
        "subtitle": "sound.car.sport_engine_idle",
        "sounds": [ "car:sport_engine_idle" ]
    },
    "sport_engine_start": {
        "subtitle": "sound.car.sport_engine_start",
        "sounds": [ "car:sport_engine_start" ]
    },
    "sport_engine_starting": {
        "subtitle": "sound.car.sport_engine_starting",
        "sounds": [ "car:sport_engine_starting" ]
    },
    "sport_engine_stop": {
        "subtitle": "sound.car.sport_engine_stop",
        "sounds": [ "car:sport_engine_stop" ]
    },
    "sport_engine_high": {
        "subtitle": "sound.car.sport_engine_high",
        "sounds": [ "car:sport_engine_high" ]
    },
    "sport_engine_fail": {
        "subtitle": "sound.car.sport_engine_fail",
        "sounds": [ "car:sport_engine_fail" ]
    },
    "truck_engine_idle": {
        "subtitle": "sound.car.truck_engine_idle",
        "sounds": [ "car:truck_engine_idle" ]
    },
    "truck_engine_start": {
        "subtitle": "sound.car.truck_engine_start",
        "sounds": [ "car:truck_engine_start" ]
    },
    "truck_engine_starting": {
        "subtitle": "sound.car.truck_engine_starting",
        "sounds": [ "car:truck_engine_starting" ]
    },
    "truck_engine_stop": {
        "subtitle": "sound.car.truck_engine_stop",
        "sounds": [ "car:truck_engine_stop" ]
    },
    "truck_engine_high": {
        "subtitle": "sound.car.truck_engine_high",
        "sounds": [ "car:truck_engine_high" ]
    },
    "truck_engine_fail": {
        "subtitle": "sound.car.truck_engine_fail",
        "sounds": [ "car:truck_engine_fail" ]
    },
    "car_horn": {
        "subtitle": "sound.car.car_horn",
        "sounds": [ "car:car_horn" ]
    },
    "car_lock": {
        "subtitle": "sound.car.car_lock",
        "sounds": [ "car:car_lock" ]
    },
    "car_unlock": {
        "subtitle": "sound.car.car_unlock",
        "sounds": [ "car:car_unlock" ]
    },
    "ratchet": {
        "subtitle": "sound.car.ratchet",
        "sounds": [ "car:ratchet_1", "car:ratchet_2", "car:ratchet_3" ]
    },
    "gas_station_attendant": {
        "subtitle": "sound.car.gas_station_attendant",
        "sounds": [ "car:gas_station_attendant_1", "car:gas_station_attendant_2", "car:gas_station_attendant_3" ]
    }
}