{
    "parent": "car:block/crank",
     "display": {
        "gui": {
            "rotation": [ 30, 45, 0 ],
            "translation": [ 0, 6, 0],
            "scale":[ 1.7, 1.7, 1.7 ]
        },
        "firstperson_righthand": {
            "rotation": [ 0, 0, 0 ],
            "translation": [ 0, 4, 0 ],
            "scale": [ 1, 1, 1 ]
        },
        "firstperson_lefthand": {
            "rotation": [ 0, 0, 0 ],
            "translation": [ 0, 4, 0 ],
            "scale": [ 1, 1, 1 ]
        }
    }
}