{
    "parent": "car:block/slope",
    "textures": {
        "0": "car:block/asphalt",
        "particle": "car:block/asphalt"
    },
    "elements": [
        {
            "name": "Cube",
            "from": [ 0.0, 8.0, 0.0 ], 
            "to": [ 16.0, 9.0, 16.0 ], 
            "faces": {
                "north": { "texture": "#0", "uv": [ 0.0, 15.0, 16.0, 16.0 ] },
                "east": { "texture": "#0", "uv": [ 0.0, 15.0, 16.0, 16.0 ] },
                "south": { "texture": "#0", "uv": [ 0.0, 15.0, 16.0, 16.0 ] },
                "west": { "texture": "#0", "uv": [ 0.0, 15.0, 16.0, 16.0 ] },
                "up": { "texture": "#0", "uv": [ 0.0, 0.0, 16.0, 16.0 ] },
                "down": { "texture": "#0", "uv": [ 0.0, 0.0, 16.0, 16.0 ] }
            }
        },
        {
            "name": "Cube",
            "from": [ 0.0, 9.0, 0.0 ], 
            "to": [ 16.0, 10.0, 14.0 ], 
            "faces": {
                "north": { "texture": "#0", "uv": [ 0.0, 13.0, 16.0, 14.0 ] },
                "east": { "texture": "#0", "uv": [ 0.0, 13.0, 14.0, 14.0 ] },
                "south": { "texture": "#0", "uv": [ 0.0, 13.0, 16.0, 14.0 ] },
                "west": { "texture": "#0", "uv": [ 0.0, 13.0, 14.0, 14.0 ] },
                "up": { "texture": "#0", "uv": [ 0.0, 0.0, 16.0, 14.0 ] },
                "down": { "texture": "#0", "uv": [ 0.0, 0.0, 16.0, 14.0 ] }
            }
        },
        {
            "name": "Cube",
            "from": [ 0.0, 10.0, 0.0 ], 
            "to": [ 16.0, 11.0, 12.0 ], 
            "faces": {
                "north": { "texture": "#0", "uv": [ 0.0, 11.0, 16.0, 12.0 ] },
                "east": { "texture": "#0", "uv": [ 0.0, 11.0, 12.0, 12.0 ] },
                "south": { "texture": "#0", "uv": [ 0.0, 11.0, 16.0, 12.0 ] },
                "west": { "texture": "#0", "uv": [ 0.0, 11.0, 12.0, 12.0 ] },
                "up": { "texture": "#0", "uv": [ 0.0, 0.0, 16.0, 12.0 ] },
                "down": { "texture": "#0", "uv": [ 0.0, 0.0, 16.0, 12.0 ] }
            }
        },
        {
            "name": "Cube",
            "from": [ 0.0, 11.0, 0.0 ], 
            "to": [ 16.0, 12.0, 10.0 ], 
            "faces": {
                "north": { "texture": "#0", "uv": [ 0.0, 9.0, 16.0, 10.0 ] },
                "east": { "texture": "#0", "uv": [ 0.0, 9.0, 10.0, 10.0 ] },
                "south": { "texture": "#0", "uv": [ 0.0, 9.0, 16.0, 10.0 ] },
                "west": { "texture": "#0", "uv": [ 0.0, 9.0, 10.0, 10.0 ] },
                "up": { "texture": "#0", "uv": [ 0.0, 0.0, 16.0, 10.0 ] },
                "down": { "texture": "#0", "uv": [ 0.0, 0.0, 16.0, 10.0 ] }
            }
        },
        {
            "name": "Cube",
            "from": [ 0.0, 12.0, 0.0 ], 
            "to": [ 16.0, 13.0, 8.0 ], 
            "faces": {
                "north": { "texture": "#0", "uv": [ 0.0, 7.0, 16.0, 8.0 ] },
                "east": { "texture": "#0", "uv": [ 0.0, 7.0, 8.0, 8.0 ] },
                "south": { "texture": "#0", "uv": [ 0.0, 7.0, 16.0, 8.0 ] },
                "west": { "texture": "#0", "uv": [ 0.0, 7.0, 8.0, 8.0 ] },
                "up": { "texture": "#0", "uv": [ 0.0, 0.0, 16.0, 8.0 ] },
                "down": { "texture": "#0", "uv": [ 0.0, 0.0, 16.0, 8.0 ] }
            }
        },
        {
            "name": "Cube",
            "from": [ 0.0, 13.0, 0.0 ], 
            "to": [ 16.0, 14.0, 6.0 ], 
            "faces": {
                "north": { "texture": "#0", "uv": [ 0.0, 5.0, 16.0, 6.0 ] },
                "east": { "texture": "#0", "uv": [ 0.0, 5.0, 6.0, 6.0 ] },
                "south": { "texture": "#0", "uv": [ 0.0, 5.0, 16.0, 6.0 ] },
                "west": { "texture": "#0", "uv": [ 0.0, 5.0, 6.0, 6.0 ] },
                "up": { "texture": "#0", "uv": [ 0.0, 0.0, 16.0, 6.0 ] },
                "down": { "texture": "#0", "uv": [ 0.0, 0.0, 16.0, 6.0 ] }
            }
        },
        {
            "name": "Cube",
            "from": [ 0.0, 14.0, 0.0 ], 
            "to": [ 16.0, 15.0, 4.0 ], 
            "faces": {
                "north": { "texture": "#0", "uv": [ 0.0, 3.0, 16.0, 4.0 ] },
                "east": { "texture": "#0", "uv": [ 0.0, 3.0, 4.0, 4.0 ] },
                "south": { "texture": "#0", "uv": [ 0.0, 3.0, 16.0, 4.0 ] },
                "west": { "texture": "#0", "uv": [ 0.0, 3.0, 4.0, 4.0 ] },
                "up": { "texture": "#0", "uv": [ 0.0, 0.0, 16.0, 4.0 ] },
                "down": { "texture": "#0", "uv": [ 0.0, 0.0, 16.0, 4.0 ] }
            }
        },
        {
            "name": "Cube",
            "from": [ 0.0, 15.0, 0.0 ], 
            "to": [ 16.0, 16.0, 2.0 ], 
            "faces": {
                "north": { "texture": "#0", "uv": [ 0.0, 1.0, 16.0, 2.0 ] },
                "east": { "texture": "#0", "uv": [ 0.0, 1.0, 2.0, 2.0 ] },
                "south": { "texture": "#0", "uv": [ 0.0, 1.0, 16.0, 2.0 ] },
                "west": { "texture": "#0", "uv": [ 0.0, 1.0, 2.0, 2.0 ] },
                "up": { "texture": "#0", "uv": [ 0.0, 0.0, 16.0, 2.0 ] },
                "down": { "texture": "#0", "uv": [ 0.0, 0.0, 16.0, 2.0 ] }
            }
        },
        {
            "name": "Cube",
            "from": [ 0.0, 0.0, 0.0 ], 
            "to": [ 16.0, 8.0, 16.0 ], 
            "faces": {
                "north": { "texture": "#0", "uv": [ 0.0, 0.0, 16.0, 8.0 ] },
                "east": { "texture": "#0", "uv": [ 0.0, 0.0, 16.0, 8.0 ] },
                "south": { "texture": "#0", "uv": [ 0.0, 0.0, 16.0, 8.0 ] },
                "west": { "texture": "#0", "uv": [ 0.0, 0.0, 16.0, 8.0 ] },
                "up": { "texture": "#0", "uv": [ 0.0, 0.0, 16.0, 16.0 ] },
                "down": { "texture": "#0", "uv": [ 0.0, 0.0, 16.0, 16.0 ] }
            }
        }
    ]
}