{
    "textures": {
        "0": "car:block/cable",
		"particle": "car:block/cable"
    },
    "elements": [
        {
            "name": "cable_part",
            "from": [ 6.5, 6.5, 0.0 ], 
            "to": [ 9.5, 9.5, 6.5 ], 
            "faces": {
                "north": { "texture": "#0", "uv": [ 0.0, 13.0, 3.0, 16.0 ] },
                "east": { "texture": "#0", "uv": [ 0.0, 0.0, 6.5, 3.0 ] },
                "south": { "texture": "#0", "uv": [ 0.0, 13.0, 3.0, 16.0 ] },
                "west": { "texture": "#0", "uv": [ 0.0, 0.0, 6.5, 3.0 ] },
                "up": { "texture": "#0", "uv": [ 0.0, 0.0, 6.5, 3.0 ], "rotation": 90 },
                "down": { "texture": "#0", "uv": [ 0.0, 0.0, 6.5, 3.0 ], "rotation": 90 }
            }
        }
    ]
}