{
    "textures": {
        "0": "car:block/crank",
		"particle": "car:block/crank"
    },
    "elements": [
        {
            "name": "crank_bottom",
            "from": [ 7.5, 0.0, 7.5 ], 
            "to": [ 8.5, 7.0, 8.5 ], 
            "rotation": { "origin": [ 8.0, 8.0, 8.0 ], "axis": "y", "angle": 45.0 },
            "faces": {
                "north": { "texture": "#0", "uv": [ 0.0, 0.0, 1.0, 7.0 ] },
                "east": { "texture": "#0", "uv": [ 1.0, 0.0, 2.0, 7.0 ] },
                "south": { "texture": "#0", "uv": [ 2.0, 0.0, 3.0, 7.0 ] },
                "west": { "texture": "#0", "uv": [ 3.0, 0.0, 4.0, 7.0 ] },
                "up": { "texture": "#0", "uv": [ 0.0, 0.0, 1.0, 1.0 ] },
                "down": { "texture": "#0", "uv": [ 0.0, 0.0, 1.0, 1.0 ] }
            }
        },
        {
            "name": "crank_top",
            "from": [ 7.5, 7.0, 7.5 ], 
            "to": [ 8.5, 8.0, 12.5 ], 
            "rotation": { "origin": [ 8.0, 8.0, 8.0 ], "axis": "y", "angle": 45.0 },
            "faces": {
                "north": { "texture": "#0", "uv": [ 0.0, 0.0, 1.0, 1.0 ] },
                "east": { "texture": "#0", "uv": [ 0.0, 0.0, 5.0, 1.0 ] },
                "south": { "texture": "#0", "uv": [ 0.0, 0.0, 1.0, 1.0 ] },
                "west": { "texture": "#0", "uv": [ 0.0, 1.0, 5.0, 2.0 ] },
                "up": { "texture": "#0", "uv": [ 1.0, 0.0, 2.0, 5.0 ] },
                "down": { "texture": "#0", "uv": [ 1.0, 0.0, 2.0, 5.0 ] }
            }
        }
    ]
}