{
    "textures": {
        "0": "car:block/fluid_extractor",
        "1": "car:block/fluid_pipe",
        "particle": "car:block/fluid_extractor"
    },
    "elements": [
        {
            "name": "extractor",
            "from": [ 1.0, 1.0, 0.0 ], 
            "to": [ 15.0, 15.0, 1.0 ], 
            "faces": {
                "north": { "texture": "#0", "uv": [ 1.0, 1.0, 15.0, 15.0 ] },
                "east": { "texture": "#0", "uv": [ 15.0, 1.0, 16.0, 15.0 ] },
                "south": { "texture": "#0", "uv": [ 1.0, 1.0, 15.0, 15.0 ] },
                "west": { "texture": "#0", "uv": [ 0.0, 1.0, 1.0, 15.0 ] },
                "up": { "texture": "#0", "uv": [ 1.0, 0.0, 15.0, 1.0 ] },
                "down": { "texture": "#0", "uv": [ 1.0, 15.0, 15.0, 16.0 ] }
            }
        },
        {
            "name": "pipe",
            "from": [ 6.0, 6.0, 1.0 ], 
            "to": [ 10.0, 10.0, 6.0 ], 
            "faces": {
                "north": { "texture": "#1", "uv": [ 0.0, 5.0, 4.0, 9.0 ] },
                "east": { "texture": "#1", "uv": [ 0.0, 0.0, 5.0, 4.0 ] },
                "south": { "texture": "#1", "uv": [ 0.0, 5.0, 4.0, 9.0 ] },
                "west": { "texture": "#1", "uv": [ 0.0, 0.0, 5.0, 4.0 ] },
                "up": { "texture": "#1", "uv": [ 0.0, 0.0, 5.0, 4.0 ], "rotation": 90 },
                "down": { "texture": "#1", "uv": [ 0.0, 0.0, 5.0, 4.0 ], "rotation": 90 }
            }
        }
    ]
}