{
    "parent": "block/block",
    "textures": {
        "0": "block/iron_block",
        "1": "car:block/oilmill_side",
        "2": "block/clay",
        "3": "block/hardened_clay_stained_gray",
        "4": "car:block/generator_powered",
        "particle": "car:block/oilmill_side"
    },
    "elements": [
        {
            "name": "Cube",
            "from": [ 0.0, 0.0, 0.0 ], 
            "to": [ 16.0, 1.0, 1.0 ], 
            "faces": {
                "north": { "texture": "#0", "uv": [ 0.0, 0.0, 16.0, 1.0 ] },
                "east": { "texture": "#0", "uv": [ 0.0, 0.0, 1.0, 1.0 ] },
                "south": { "texture": "#0", "uv": [ 0.0, 0.0, 16.0, 1.0 ] },
                "west": { "texture": "#0", "uv": [ 0.0, 0.0, 1.0, 1.0 ] },
                "up": { "texture": "#0", "uv": [ 0.0, 0.0, 16.0, 1.0 ] },
                "down": { "texture": "#0", "uv": [ 0.0, 0.0, 16.0, 1.0 ] }
            }
        },
        {
            "name": "Cube",
            "from": [ 0.0, 0.0, 15.0 ], 
            "to": [ 16.0, 1.0, 16.0 ], 
            "faces": {
                "north": { "texture": "#0", "uv": [ 0.0, 0.0, 16.0, 1.0 ] },
                "east": { "texture": "#0", "uv": [ 0.0, 0.0, 1.0, 1.0 ] },
                "south": { "texture": "#0", "uv": [ 0.0, 0.0, 16.0, 1.0 ] },
                "west": { "texture": "#0", "uv": [ 0.0, 0.0, 1.0, 1.0 ] },
                "up": { "texture": "#0", "uv": [ 0.0, 0.0, 16.0, 1.0 ] },
                "down": { "texture": "#0", "uv": [ 0.0, 0.0, 16.0, 1.0 ] }
            }
        },
        {
            "name": "Cube",
            "from": [ 0.0, 1.0, 15.0 ], 
            "to": [ 1.0, 13.0, 16.0 ], 
            "faces": {
                "north": { "texture": "#0", "uv": [ 0.0, 0.0, 1.0, 12.0 ] },
                "east": { "texture": "#0", "uv": [ 0.0, 0.0, 1.0, 12.0 ] },
                "south": { "texture": "#0", "uv": [ 0.0, 0.0, 1.0, 12.0 ] },
                "west": { "texture": "#0", "uv": [ 0.0, 0.0, 1.0, 12.0 ] },
                "up": { "texture": "#0", "uv": [ 0.0, 0.0, 1.0, 1.0 ] },
                "down": { "texture": "#0", "uv": [ 0.0, 0.0, 1.0, 1.0 ] }
            }
        },
        {
            "name": "Cube",
            "from": [ 15.0, 1.0, 15.0 ], 
            "to": [ 16.0, 13.0, 16.0 ], 
            "faces": {
                "north": { "texture": "#0", "uv": [ 0.0, 0.0, 1.0, 12.0 ] },
                "east": { "texture": "#0", "uv": [ 0.0, 0.0, 1.0, 12.0 ] },
                "south": { "texture": "#0", "uv": [ 0.0, 0.0, 1.0, 12.0 ] },
                "west": { "texture": "#0", "uv": [ 0.0, 0.0, 1.0, 12.0 ] },
                "up": { "texture": "#0", "uv": [ 0.0, 0.0, 1.0, 1.0 ] },
                "down": { "texture": "#0", "uv": [ 0.0, 0.0, 1.0, 1.0 ] }
            }
        },
        {
            "name": "Cube",
            "from": [ 15.0, 1.0, 0.0 ], 
            "to": [ 16.0, 13.0, 1.0 ], 
            "faces": {
                "north": { "texture": "#0", "uv": [ 0.0, 0.0, 1.0, 12.0 ] },
                "east": { "texture": "#0", "uv": [ 0.0, 0.0, 1.0, 12.0 ] },
                "south": { "texture": "#0", "uv": [ 0.0, 0.0, 1.0, 12.0 ] },
                "west": { "texture": "#0", "uv": [ 0.0, 0.0, 1.0, 12.0 ] },
                "up": { "texture": "#0", "uv": [ 0.0, 0.0, 1.0, 1.0 ] },
                "down": { "texture": "#0", "uv": [ 0.0, 0.0, 1.0, 1.0 ] }
            }
        },
        {
            "name": "Cube",
            "from": [ 0.0, 1.0, 0.0 ], 
            "to": [ 1.0, 13.0, 1.0 ], 
            "faces": {
                "north": { "texture": "#0", "uv": [ 0.0, 0.0, 1.0, 12.0 ] },
                "east": { "texture": "#0", "uv": [ 0.0, 0.0, 1.0, 12.0 ] },
                "south": { "texture": "#0", "uv": [ 0.0, 0.0, 1.0, 12.0 ] },
                "west": { "texture": "#0", "uv": [ 0.0, 0.0, 1.0, 12.0 ] },
                "up": { "texture": "#0", "uv": [ 0.0, 0.0, 1.0, 1.0 ] },
                "down": { "texture": "#0", "uv": [ 0.0, 0.0, 1.0, 1.0 ] }
            }
        },
        {
            "name": "Cube",
            "from": [ 0.0, 12.0, 1.0 ], 
            "to": [ 1.0, 13.0, 15.0 ], 
            "faces": {
                "north": { "texture": "#0", "uv": [ 0.0, 0.0, 1.0, 1.0 ] },
                "east": { "texture": "#0", "uv": [ 0.0, 0.0, 14.0, 1.0 ] },
                "south": { "texture": "#0", "uv": [ 0.0, 0.0, 1.0, 1.0 ] },
                "west": { "texture": "#0", "uv": [ 0.0, 0.0, 14.0, 1.0 ] },
                "up": { "texture": "#0", "uv": [ 0.0, 0.0, 1.0, 14.0 ] },
                "down": { "texture": "#0", "uv": [ 0.0, 0.0, 1.0, 14.0 ] }
            }
        },
        {
            "name": "Cube",
            "from": [ 15.0, 12.0, 1.0 ], 
            "to": [ 16.0, 13.0, 15.0 ], 
            "faces": {
                "north": { "texture": "#0", "uv": [ 0.0, 0.0, 1.0, 1.0 ] },
                "east": { "texture": "#0", "uv": [ 0.0, 0.0, 14.0, 1.0 ] },
                "south": { "texture": "#0", "uv": [ 0.0, 0.0, 1.0, 1.0 ] },
                "west": { "texture": "#0", "uv": [ 0.0, 0.0, 14.0, 1.0 ] },
                "up": { "texture": "#0", "uv": [ 0.0, 0.0, 1.0, 14.0 ] },
                "down": { "texture": "#0", "uv": [ 0.0, 0.0, 1.0, 14.0 ] }
            }
        },
        {
            "name": "Cube",
            "from": [ 0.0, 8.0, 1.0 ], 
            "to": [ 16.0, 11.0, 15.0 ], 
            "faces": {
                "north": { "texture": "#1", "uv": [ 0.0, 0.0, 16.0, 3.0 ] },
                "east": { "texture": "#0", "uv": [ 1.0, 1.0, 12.0, 4.0 ] },
                "south": { "texture": "#1", "uv": [ 0.0, 0.0, 16.0, 3.0 ] },
                "west": { "texture": "#1", "uv": [ 1.0, 1.0, 12.0, 4.0 ] },
                "up": { "texture": "#1", "uv": [ 0.0, 1.0, 16.0, 15.0 ] },
                "down": { "texture": "#1", "uv": [ 0.0, 1.0, 16.0, 15.0 ] }
            }
        },
        {
            "name": "Cube",
            "from": [ 1.0, 5.0, 6.0 ], 
            "to": [ 7.0, 8.0, 10.0 ], 
            "faces": {
                "north": { "texture": "#2", "uv": [ 0.0, 0.0, 6.0, 3.0 ] },
                "east": { "texture": "#2", "uv": [ 1.0, 1.0, 5.0, 4.0 ] },
                "south": { "texture": "#2", "uv": [ 0.0, 0.0, 6.0, 3.0 ] },
                "west": { "texture": "#2", "uv": [ 1.0, 1.0, 5.0, 4.0 ] },
                "up": { "texture": "#2", "uv": [ 0.0, 0.0, 0.0, 0.0 ] },
                "down": { "texture": "#2", "uv": [ 0.0, 1.0, 6.0, 5.0 ] }
            }
        },
        {
            "name": "Cube",
            "from": [ 0.0, 3.0, 6.0 ], 
            "to": [ 6.0, 8.0, 11.0 ], 
            "rotation": { "origin": [ 6.0, 4.0, 11.0 ], "axis": "x", "angle": -45.0 },
            "faces": {
                "north": { "texture": "#3", "uv": [ 0.0, 0.0, 6.0, 5.0 ] },
                "east": { "texture": "#4", "uv": [ 0.0, 0.0, 16.0, 16.0 ] },
                "south": { "texture": "#3", "uv": [ 0.0, 0.0, 6.0, 5.0 ] },
                "west": { "texture": "#4", "uv": [ 0.0, 0.0, 16.0, 16.0 ] },
                "up": { "texture": "#3", "uv": [ 0.0, 0.0, 6.0, 5.0 ] },
                "down": { "texture": "#3", "uv": [ 0.0, 0.0, 6.0, 5.0 ] }
            }
        },
        {
            "name": "Cube",
            "from": [ 6.0, 5.0, 8.0 ], 
            "to": [ 12.0, 6.0, 9.0 ], 
            "rotation": { "origin": [ 6.0, 4.0, 11.0 ], "axis": "x", "angle": -45.0 },
            "faces": {
                "north": { "texture": "#0", "uv": [ 0.0, 0.0, 6.0, 1.0 ] },
                "east": { "texture": "#0", "uv": [ 0.0, 0.0, 1.0, 1.0 ] },
                "south": { "texture": "#0", "uv": [ 0.0, 0.0, 6.0, 1.0 ] },
                "west": { "texture": "#0", "uv": [ 0.0, 0.0, 1.0, 1.0 ] },
                "up": { "texture": "#0", "uv": [ 0.0, 0.0, 6.0, 1.0 ] },
                "down": { "texture": "#0", "uv": [ 0.0, 0.0, 6.0, 1.0 ] }
            }
        },
        {
            "name": "Cube",
            "from": [ 12.0, 3.5, 6.5 ], 
            "to": [ 13.0, 7.5, 10.5 ], 
            "rotation": { "origin": [ 6.0, 4.0, 11.0 ], "axis": "x", "angle": -45.0 },
            "faces": {
                "north": { "texture": "#3", "uv": [ 0.0, 0.0, 6.0, 5.0 ] },
                "east": { "texture": "#4", "uv": [ 0.0, 0.0, 16.0, 16.0 ] },
                "south": { "texture": "#3", "uv": [ 0.0, 0.0, 1.0, 4.0 ] },
                "west": { "texture": "#4", "uv": [ 0.0, 0.0, 16.0, 16.0 ] },
                "up": { "texture": "#3", "uv": [ 0.0, 0.0, 6.0, 5.0 ] },
                "down": { "texture": "#3", "uv": [ 0.0, 0.0, 6.0, 5.0 ] }
            }
        }
    ]
}