{
    "parent": "block/block",
    "textures": {
        "0": "car:block/sign",
        "particle": "car:block/sign"
    },
    "elements": [
        {
            "name": "post",
            "from": [ 7.5, 0.0, 7.5 ], 
            "to": [ 8.5, 3.0, 8.5 ], 
            "faces": {
                "north": { "texture": "#0", "uv": [ 0.0, 10.0, 1.0, 13.0 ] },
                "east": { "texture": "#0", "uv": [ 1.0, 10.0, 2.0, 13.0 ] },
                "south": { "texture": "#0", "uv": [ 2.0, 10.0, 3.0, 13.0 ] },
                "west": { "texture": "#0", "uv": [ 3.0, 10.0, 4.0, 13.0 ] },
                "up": { "texture": "#0", "uv": [ 0.0, 15.0, 1.0, 16.0 ] },
                "down": { "texture": "#0", "uv": [ 1.0, 15.0, 2.0, 16.0 ] }
            }
        },
        {
            "name": "sign",
            "from": [ 0.0, 3.0, 7.5 ], 
            "to": [ 16.0, 13.0, 8.5 ], 
            "faces": {
                "north": { "texture": "#0", "uv": [ 0.0, 0.0, 16.0, 10.0 ] },
                "east": { "texture": "#0", "uv": [ 0.0, 0.0, 1.0, 10.0 ] },
                "south": { "texture": "#0", "uv": [ 0.0, 0.0, 16.0, 10.0 ] },
                "west": { "texture": "#0", "uv": [ 16.0, 0.0, 15.0, 10.0 ] },
                "up": { "texture": "#0", "uv": [ 0.0, 9.0, 16.0, 10.0 ] },
                "down": { "texture": "#0", "uv": [ 0.0, 0.0, 16.0, 1.0 ] }
            }
        }
    ]
}