{
    "parent": "block/block",
    "textures": {
        "0": "car:block/sign_post",
        "particle": "car:block/sign_post"
    },
    "elements": [
        {
            "name": "post",
            "from": [ 7.5, 0.0, 7.5 ], 
            "to": [ 8.5, 16.0, 8.5 ], 
            "faces": {
                "north": { "texture": "#0", "uv": [ 0.0, 0.0, 1.0, 16.0 ] },
                "east": { "texture": "#0", "uv": [ 1.0, 0.0, 2.0, 16.0 ] },
                "south": { "texture": "#0", "uv": [ 2.0, 0.0, 3.0, 16.0 ] },
                "west": { "texture": "#0", "uv": [ 3.0, 0.0, 4.0, 16.0 ] },
                "up": { "texture": "#0", "uv": [ 4.0, 0.0, 5.0, 1.0 ] },
                "down": { "texture": "#0", "uv": [ 5.0, 0.0, 6.0, 1.0 ] }
            }
        }
    ]
}