{
    "parent": "car:block/block_big",
    "textures": {
        "0": "block/iron_block",
        "1": "car:block/split_tank_glass",
        "2": "car:block/oilmill_side",
        "particle": "car:block/oilmill_side"
    },
    "elements": [
        {
            "name": "Cube",
            "from": [ 0.0, 0.0, 0.0 ],
            "to": [ 16.0, 1.0, 16.0 ],
            "faces": {
                "north": { "texture": "#1", "uv": [ 0.0, 0.0, 16.0, 1.0 ] },
                "east": { "texture": "#1", "uv": [ 0.0, 0.0, 16.0, 1.0 ] },
                "south": { "texture": "#1", "uv": [ 0.0, 0.0, 16.0, 1.0 ] },
                "west": { "texture": "#1", "uv": [ 0.0, 0.0, 16.0, 1.0 ] }
            }
        },
        {
            "name": "Cube",
            "from": [ 0.0, 1.0, 0.0 ],
            "to": [ 16.0, 2.0, 16.0 ],
            "faces": {
                "north": { "texture": "#0", "uv": [ 0.0, 0.0, 16.0, 1.0 ] },
                "east": { "texture": "#0", "uv": [ 0.0, 0.0, 16.0, 1.0 ] },
                "south": { "texture": "#0", "uv": [ 0.0, 0.0, 16.0, 1.0 ] },
                "west": { "texture": "#0", "uv": [ 0.0, 0.0, 16.0, 1.0 ] },
                "up": { "texture": "#0", "uv": [ 0.0, 0.0, 16.0, 16.0 ] },
                "down": { "texture": "#0", "uv": [ 0.0, 0.0, 16.0, 16.0 ] }
            }
        },
        {
            "name": "Cube",
            "from": [ 7.0, 0.0, 7.0 ],
            "to": [ 9.0, 1.0, 9.0 ],
            "faces": {
                "north": { "texture": "#0", "uv": [ 0.0, 0.0, 2.0, 1.0 ] },
                "east": { "texture": "#0", "uv": [ 0.0, 0.0, 2.0, 1.0 ] },
                "south": { "texture": "#0", "uv": [ 0.0, 0.0, 2.0, 1.0 ] },
                "west": { "texture": "#0", "uv": [ 0.0, 0.0, 2.0, 1.0 ] }
            }
        },
        {
            "name": "Cube",
            "from": [ 0.0, 8.0, 0.0 ],
            "to": [ 16.0, 9.0, 16.0 ],
            "faces": {
                "north": { "texture": "#0", "uv": [ 0.0, 0.0, 16.0, 1.0 ] },
                "east": { "texture": "#0", "uv": [ 0.0, 0.0, 16.0, 1.0 ] },
                "south": { "texture": "#0", "uv": [ 0.0, 0.0, 16.0, 1.0 ] },
                "west": { "texture": "#0", "uv": [ 0.0, 0.0, 16.0, 1.0 ] },
                "up": { "texture": "#0", "uv": [ 0.0, 0.0, 16.0, 16.0 ] },
                "down": { "texture": "#0", "uv": [ 0.0, 0.0, 16.0, 16.0 ] }
            }
        },
        {
            "name": "Cube",
            "from": [ 0.0, 2.0, 0.0 ],
            "to": [ 1.0, 8.0, 16.0 ],
            "faces": {
                "north": { "texture": "#2", "uv": [ 0.0, 0.0, 1.0, 6.0 ] },
                "east": { "texture": "#2", "uv": [ 0.0, 1.0, 16.0, 7.0 ] },
                "south": { "texture": "#2", "uv": [ 0.0, 0.0, 1.0, 6.0 ] },
                "west": { "texture": "#2", "uv": [ 0.0, 1.0, 16.0, 7.0 ] },
                "up": { "texture": "#2", "uv": [ 0.0, 0.0, 1.0, 16.0 ] },
                "down": { "texture": "#2", "uv": [ 0.0, 0.0, 1.0, 16.0 ] }
            }
        },
        {
            "name": "Cube",
            "from": [ 15.0, 2.0, 0.0 ],
            "to": [ 16.0, 8.0, 16.0 ],
            "faces": {
                "north": { "texture": "#2", "uv": [ 0.0, 0.0, 1.0, 6.0 ] },
                "east": { "texture": "#2", "uv": [ 0.0, 1.0, 16.0, 7.0 ] },
                "south": { "texture": "#2", "uv": [ 0.0, 0.0, 1.0, 6.0 ] },
                "west": { "texture": "#2", "uv": [ 0.0, 1.0, 16.0, 7.0 ] },
                "up": { "texture": "#2", "uv": [ 0.0, 0.0, 1.0, 16.0 ] },
                "down": { "texture": "#2", "uv": [ 0.0, 0.0, 1.0, 16.0 ] }
            }
        },
        {
            "name": "Cube",
            "from": [ 1.0, 2.0, 0.0 ],
            "to": [ 15.0, 8.0, 1.0 ],
            "faces": {
                "north": { "texture": "#2", "uv": [ 1.0, 1.0, 15.0, 7.0 ] },
                "east": { "texture": "#2", "uv": [ 0.0, 1.0, 1.0, 7.0 ] },
                "south": { "texture": "#2", "uv": [ 1.0, 1.0, 15.0, 7.0 ] },
                "west": { "texture": "#2", "uv": [ 0.0, 1.0, 1.0, 7.0 ] },
                "up": { "texture": "#2", "uv": [ 0.0, 0.0, 14.0, 1.0 ] },
                "down": { "texture": "#2", "uv": [ 0.0, 0.0, 14.0, 1.0 ] }
            }
        },
        {
            "name": "Cube",
            "from": [ 1.0, 2.0, 15.0 ],
            "to": [ 15.0, 8.0, 16.0 ],
            "faces": {
                "north": { "texture": "#2", "uv": [ 1.0, 1.0, 15.0, 7.0 ] },
                "east": { "texture": "#2", "uv": [ 0.0, 1.0, 1.0, 7.0 ] },
                "south": { "texture": "#2", "uv": [ 1.0, 1.0, 15.0, 7.0 ] },
                "west": { "texture": "#2", "uv": [ 0.0, 1.0, 1.0, 7.0 ] },
                "up": { "texture": "#2", "uv": [ 0.0, 0.0, 14.0, 1.0 ] },
                "down": { "texture": "#2", "uv": [ 0.0, 0.0, 14.0, 1.0 ] }
            }
        }
    ]
}